{"cameraMode":{"drawMode":0,"name":"Shaded","section":"Shading Mode"},"sceneLighting":true,"audioPlay":false,"sceneViewState":{"showFog":true,"showMaterialUpdate":false,"showSkybox":true,"showFlares":true,"showImageEffects":true,"showParticleSystems":true},"in2DMode":false,"pivot":{"x":-0.8164825439453125,"y":1.9542624950408936,"z":-1.414931297302246},"rotation":{"x":0.04687495902180672,"y":-0.8901688456535339,"z":0.0940944105386734,"w":0.44356006383895876},"size":7.138878345489502,"orthographic":false}