{"cameraMode":{"drawMode":0,"name":"Shaded","section":"Shading Mode"},"sceneLighting":false,"audioPlay":false,"sceneViewState":{"showFog":true,"showMaterialUpdate":false,"showSkybox":true,"showFlares":true,"showImageEffects":true,"showParticleSystems":true},"in2DMode":false,"pivot":{"x":5.770470142364502,"y":3.874519109725952,"z":4.053516864776611},"rotation":{"x":0.0605827160179615,"y":-0.611388623714447,"z":0.04710564389824867,"w":0.7877383828163147},"size":0.9167959094047546,"orthographic":false}