{"cameraMode":{"drawMode":0,"name":"Shaded","section":"Shading Mode"},"sceneLighting":false,"audioPlay":false,"sceneViewState":{"showFog":true,"showMaterialUpdate":false,"showSkybox":true,"showFlares":true,"showImageEffects":true,"showParticleSystems":true},"in2DMode":false,"pivot":{"x":5.508411407470703,"y":2.7357959747314455,"z":1.3663966655731202},"rotation":{"x":0.06338338553905487,"y":-0.729409396648407,"z":0.06830497831106186,"w":0.6778557896614075},"size":2.1073949337005617,"orthographic":false}