{"cameraMode":{"drawMode":0,"name":"Shaded","section":"Shading Mode"},"sceneLighting":false,"audioPlay":false,"sceneViewState":{"showFog":true,"showMaterialUpdate":false,"showSkybox":true,"showFlares":true,"showImageEffects":true,"showParticleSystems":true},"in2DMode":false,"pivot":{"x":1.2393102645874024,"y":0.7563779950141907,"z":3.7264761924743654},"rotation":{"x":0.026799071580171586,"y":-0.772372841835022,"z":0.03272874280810356,"w":0.6339438557624817},"size":4.906004428863525,"orthographic":false}