{"cameraMode":{"drawMode":0,"name":"Shaded","section":"Shading Mode"},"sceneLighting":false,"audioPlay":false,"sceneViewState":{"showFog":true,"showMaterialUpdate":false,"showSkybox":true,"showFlares":true,"showImageEffects":true,"showParticleSystems":true},"in2DMode":false,"pivot":{"x":-2.6676883697509767,"y":4.572608947753906,"z":-4.791984558105469},"rotation":{"x":-0.1961778849363327,"y":-0.7879959344863892,"z":0.49215540289878847,"w":-0.31399407982826235},"size":1.393996000289917,"orthographic":false}