{"cameraMode":{"drawMode":0,"name":"Shaded","section":"Shading Mode"},"sceneLighting":false,"audioPlay":false,"sceneViewState":{"showFog":true,"showMaterialUpdate":false,"showSkybox":false,"showFlares":true,"showImageEffects":true,"showParticleSystems":true},"in2DMode":false,"pivot":{"x":22.273582458496095,"y":2.9075798988342287,"z":0.9690237045288086},"rotation":{"x":0.149807408452034,"y":-0.7942599654197693,"z":0.21756236255168916,"w":0.547245979309082},"size":4.156615257263184,"orthographic":false}